{
    "CAM_FRONT": {
        "type": "camera",
        "translation": [0.33700568, 0.00475453, 0.71391292],
        "rotation": [0.5077241387638071 , -0.4973392230703816 ,  0.49837167536166627, -0.4964832014373754 ],
        "image_width": 1600,
        "image_height": 900,
        "fov": 70,
        "capture_frequency": 10
    },
    "LIDAR_TOP": {
        "type": "lidar",
        "translation": [-0.399207, 0.0, 1.05919],
        "rotation": [0.706749235646644, -0.015300993788500868, 0.01739745181256607, -0.7070846669051719],
        "num_layers": 32,
        "points_per_second": 1390000,
        "range": 80.0,
        "horizontal_fov": 360.0,
        "upper_fov": 10.0,
        "lower_fov": -30.0,
        "accuracy": 0.02,
        "capture_frequency": 20
    },
    "meta": {
        "carla_optimal_vehicle": "vehicle.citroen.c3"
    }
}