{
    "CAM_FRONT_LEFT": {
        "type": "camera",
        "translation": [ 0.19025595, 0.50051938,  0.72596033],
        "rotation": [0.6812088525125634 , -0.6687507165046241 ,  0.2101702448905517 , -0.21108161122114324],
        "image_width": 1600,
        "image_height": 900,
        "fov": 70,
        "capture_frequency": 10,
        "carla_parameters_override": {
            "blur_amount": 0,
            "motion_blur_intensity": 0
        }
    },
    "CAM_FRONT": {
        "type": "camera",
        "translation": [0.33700568, 0.00475453, 0.71391292],
        "rotation": [0.5077241387638071 , -0.4973392230703816 ,  0.49837167536166627, -0.4964832014373754 ],
        "image_width": 1600,
        "image_height": 900,
        "fov": 70,
        "capture_frequency": 10,
        "carla_parameters_override": {
            "blur_amount": 0,
            "motion_blur_intensity": 0
        }
    },
    "CAM_FRONT_RIGHT": {
        "type": "camera",
        "translation": [ 0.19582566, -0.49907871,  0.73649368],
        "rotation": [0.20335173766558642, -0.19146333228946724,  0.6785710044972951 , -0.6793609166212989 ],
        "image_width": 1600,
        "image_height": 900,
        "fov": 70,
        "capture_frequency": 10,
        "carla_parameters_override": {
            "blur_amount": 0,
            "motion_blur_intensity": 0
        }
    },
    "CAM_BACK": {
        "type": "camera",
        "translation": [-1.32975389,  0.01078824,  0.78694287],
        "rotation": [0.5067997344989889 , -0.4977567019405021 , -0.4987849934090844 ,  0.496594225837321  ],
        "image_width": 1600,
        "image_height": 900,
        "fov": 110,
        "capture_frequency": 10,
        "carla_parameters_override": {
            "blur_amount": 0,
            "motion_blur_intensity": 0
        }
    },
    "meta": {
        "carla_optimal_vehicle": "vehicle.citroen.c3"
    }
}